{
  "project_info": {
    "project_number": "707723557463",
    "project_id": "langapp-81b4d",
    "storage_bucket": "langapp-81b4d.appspot.com"
  },
  "client": [
    {
      "client_info": {
        "mobilesdk_app_id": "1:707723557463:android:8335b3cac97c6397b70112",
        "android_client_info": {
          "package_name": "com.example.langapp"
        }
      },
      "oauth_client": [
        {
          "client_id": "707723557463-ooi8aneg1659gu9r212tg3favkaku1r0.apps.googleusercontent.com",
          "client_type": 3
        }
      ],
      "api_key": [
        {
          "current_key": "AIzaSyCvju_3RYJcEuv6D8X6JhhKx4OxCGg-QT4"
        }
      ],
      "services": {
        "appinvite_service": {
          "other_platform_oauth_client": [
            {
              "client_id": "707723557463-ooi8aneg1659gu9r212tg3favkaku1r0.apps.googleusercontent.com",
              "client_type": 3
            },
            {
              "client_id": "707723557463-knk34jmgqnv85i2ajq5jlsof3bkktf3t.apps.googleusercontent.com",
              "client_type": 2,
              "ios_info": {
                "bundle_id": "com.example.langapp"
              }
            }
          ]
        }
      }
    }
  ],
  "configuration_version": "1"
}